"zone","Natural","Near-natural","Moderately modified","Heavily modified","Severely modified","Critically modified","metric"
"Lower foothill",2873.64423051506,13499.7912572281,30666.8617330609,15891.7618572356,3428.73488622659,1123.52196184287,"extent"
"Lowland river",619.322599318467,2184.99462747393,7237.86137780892,6281.16218838708,1395.8910065146,917.700313238383,"extent"
"Mountain stream",653.233099747837,2084.90915313047,2503.66719638717,1104.71942189668,177.858871183471,24.5897575188031,"extent"
"Upper foothill",4449.17767156604,19177.4733346086,30040.0404476003,12050.4984859777,2116.31181788935,871.630840359798,"extent"
"Lower foothill",4.25824014228952,20.0043388926242,45.4429467235603,23.5488226251505,5.08078779368651,1.66486382268889,"percent"
"Lowland river",3.32309306903071,11.7240037912685,38.8361203122088,33.7027690522781,7.4899183946712,4.92409538054273,"percent"
"Mountain stream",9.97458152454118,31.8356438569782,38.2298946123879,16.8685786738396,2.71582657273067,0.375474759522569,"percent"
"Upper foothill",6.47575734639575,27.9127229792528,43.7231387404003,17.5394443330543,3.08028197874536,1.2686546221514,"percent"
